where,
regal,
horse,
pinky,
toxic,
trend,
squat,
above,
squat,
moose,
polka,
worse,
syrup,
fifty,
arbor,
vague,
riper,
ruddy,
sweat,
kiosk,
avail,
cache,
magic,
salsa,
sound,
usage,
giant,
debug,
heady,
stage,
flail,
apple,
ninth,
dance,
unlit,
tasty,
shirk,
scold,
cross,
crave,
fishy,
flirt,
worry,
beefy,
maize,
count,
elude,
matey,
blurb,
alter,
mucky,
chard,
adopt,
frock,
spire,
koala,
human,
leapt,
sedan,
grimy,
pixie,
opera,
lemon,
sleek,
layer,
skirt,
whine,
manly,
molar,
havoc,
impel,
condo,
extra,
poise,
aorta,
excel,
lunar,
third,
slate,
taper,
chord,
probe,
rival,
usual,
spoke,
apply,
naive,
knock,
braid,
infer,
joust,
amber,
woken,
adore,
torso,
chafe,
eject,
study,
undue,
tepid,
happy,
clean,
itchy,
feast,
drive,
prime,
brave,
avert,
glyph,
there,
baker,
snarl,
maple,
inane,
valet,
medal,
unite,
rainy,
spell,
begin,
stale,
dream,
photo,
aloud,
inept,
piney,
aptly,
waltz,
libel,
sneak,
carry,
flout,
foggy,
fault,
mummy,
spiel,
grove,
denim,
quirk,
exist,
stein,
spade,
catch,
floor,
equal,
ionic,
valid,
enjoy,
howdy,
vigor,
sloth,
dandy,
harsh,
bough,
sting,
twine,
leave,
scorn,
scald,
usurp,
soggy,
brisk,
admit,
grate,
glory,
saint,
recap,
alike,
trice,
stick,
chute,
parer,
doubt,
thyme,
alpha,
booze,
tibia,
lofty,
theme,
class,
leery,
taunt,
whoop,
inter,
gully,
charm,
fungi,
prize,
onset,
chief,
gauze,
ruder,
irony,
clown,
needy,
woven,
merit,
waste,
treat,
shrug,
twang,
twice,
gruel,
poker,
khaki,
hunky,
label,
glean,
cling,
patty,
unfit,
smear,
alien,
buggy,
rhyme,
youth,
coyly,
quart,
cramp,
bluff,
upset,
stomp,
motto,
cinch,
elope,
midge,
tryst,
aphid,
trite,
angry,
flock,
wacky,
roomy,
wedge,
liver,
bland,
night,
madam,
berth,
stead,
voice,
agape,
fluff,
field,
sever,
lilac,
egret,
pinto,
hutch,
gawky,
droll,
retro,
rusty,
beady,
smite,
brink,
awful,
gloat,
input,
loser,
caco,
blown,
apron,
primo,
atone,
donor,
float,
goose,
piety,
girth,
trait,
flood,
gloom,
depth,
froth,
phase,
showy,
creak,
manor,
atoll,
bayou,
crept,
tiara,
asset,
bouch,
album,
hinge,
money,
scrap,
gamer,
glass,
scour,
being,
delve,
yield,
metal,
tipsy,
slung,
farce,
gecko,
shine,
canny,
midst,
badge,
homer,
train,
hairy,
story,
forgo,
larva,
trash,
zesty,
shown,
heist,
askew,
inert,
olive,
plant,
oxide,
cargo,
foyer,
flair,
ample,
cheek,
shame,
mince,
chunk,
royal,
squad,
black,
stair,
scare,
foray,
comma,
natal,
shawl,
fewer,
trope,
snout,
lowly,
stove,
shall,
found,
nymph,
epoxy,
depot,
chest,
purge,
slosh,
their,
renew,
allow,
saute,
movie,
cater,
tease,
smelt,
focus,
today,
watch,
lapse,
month,
sweet,
hoard,
cloth,
ahead,
brine,
mourn,
nasty,
rupee,
choke,
chant,
spill,
vivid,
bloke,
trove,
thorn
other,
tacit,
swill,
repel,
